customer_id,total_sales
CG-12520,1148.78
DV-13045,1119.48
SO-20335,2602.58
BH-11710,6255.34
AA-10480,1790.51
IM-15070,4930.49
HP-14815,1990.31
PK-19075,8646.93
AG-10270,2582.90
ZD-21925,1493.94
KB-16585,2744.74
SF-20065,763.54
EB-13870,2767.22
EH-13945,684.18
TB-21520,4737.48
MA-17560,4299.16
GH-14485,1361.24
SN-20710,3127.97
LC-16930,4492.94
RA-19885,3832.32
ES-14080,4657.93
ON-18715,1567.52
PO-18865,2493.22
LH-16900,2295.32
DP-13000,1050.63
JM-15265,1804.14
TB-21055,1467.89
KM-16720,4909.47
PS-18970,1278.65
BS-11590,2454.93
KD-16270,8282.36
HM-14980,736.28
JE-15745,6760.81
KB-16600,983.93
SC-20770,4492.68
DN-13690,2139.79
JC-16105,858.57
CS-12400,3651.86
PG-18895,1987.15
GM-14455,3078.63
JS-15685,1131.07
KB-16315,1569.45
RB-19705,2067.45
PN-18775,1467.16
KD-16345,1888.96
ER-13855,1245.79
RB-19465,4715.47
GZ-14470,4355.15
LC-16870,2580.71
JM-15250,3159.11
PA-19060,729.41
CV-12805,2370.33
CL-12565,10880.56
RC-19960,885.75
DK-13090,2650.55
GG-14650,2223.99
SC-20725,5226.20
AD-10180,6106.88
PF-19165,2770.00
TS-21610,2820.42
LS-16975,2988.65
DW-13585,1204.85
LC-16885,7663.13
JD-15895,7610.87
SH-19975,3406.86
SG-20080,3406.58
HA-14920,2584.17
MG-17680,2350.20
JE-16165,2697.25
TW-21025,5278.82
SP-20650,1872.43
NK-18490,572.05
DB-13060,4531.65
NP-18670,3908.40
TT-21070,4915.59
EM-13960,933.70
RD-19900,3133.92
MJ-17740,6320.75
BM-11140,11789.64
CS-12130,884.64
JB-15400,1791.62
SJ-20500,1318.77
JK-15640,4760.44
DK-13150,797.83
RM-19675,5979.09
SK-19990,883.41
FM-14290,3736.20
AM-10360,814.01
MP-17470,3206.12
MZ-17515,2564.89
CB-12025,6076.15
VM-21685,2454.87
FH-14365,6987.20
MB-17305,1548.71
BS-11755,2562.38
LC-17140,2633.57
HK-14890,4877.80
LE-16810,1469.45
JH-15985,7954.99
MS-17980,855.12
VW-21775,6134.04
JH-15910,959.48
JB-15925,900.55
DS-13180,2881.80
VD-21670,6442.26
EA-14035,2846.71
DB-13120,2973.09
KL-16645,14175.23
DW-13480,5271.63
LH-17155,1739.69
KC-16540,3908.27
DL-13315,1458.25
DR-12880,6528.03
CC-12670,2269.69
Dl-13600,755.60
SB-20290,8057.89
RC-19825,966.41
AH-10210,4805.35
CB-12535,4246.46
CA-12310,1421.96
KH-16690,5990.79
BB-10990,744.33
AG-10495,2356.86
JO-15280,1934.27
AH-10195,1587.45
NZ-18565,2488.33
KL-16555,5016.47
AS-10225,4260.78
CR-12625,475.90
SH-20395,2180.70
BP-11185,3675.86
TS-21205,5371.11
AG-10525,1455.04
SP-20860,4282.92
NM-18445,6459.34
FA-14230,2984.05
GK-14620,6497.28
DJ-13510,2501.69
PO-18850,7473.84
JL-15850,2725.25
DB-13615,1989.05
AC-10420,925.80
CC-12550,113.84
TD-20995,1434.56
AB-10060,7755.63
JL-15505,3173.87
VB-21745,2005.59
KW-16435,4416.52
JD-16060,695.44
MK-17905,2302.36
GT-14755,226.43
AG-10900,4510.79
MM-18280,775.41
AR-10405,2236.12
RA-19915,4793.53
AS-10285,3214.24
LA-16780,8673.23
DO-13435,1300.03
DK-13225,4802.39
NG-18430,1395.94
MV-18190,1734.58
JG-15115,2358.66
BP-11095,2442.05
VP-21730,993.90
SS-20140,1324.03
AG-10675,3489.06
LF-17185,3930.52
RF-19840,945.22
KH-16510,5952.86
KC-16675,1146.05
CJ-12010,11164.97
PB-19150,1456.95
MP-17965,3983.65
NF-18385,8322.82
SD-20485,6121.10
KH-16630,3918.96
RB-19795,5633.31
MK-18160,1031.60
PO-19180,4893.05
BB-11545,6765.73
TB-21595,1387.57
RB-19360,15117.35
EB-13705,3644.97
SC-20095,14142.34
TN-21040,3130.23
JS-15940,469.16
MH-17785,2203.78
JP-15520,3635.59
JE-15475,1388.69
JG-15805,1507.02
XP-21865,2374.66
EM-14065,228.99
MT-18070,1319.44
SA-20830,4767.34
CW-11905,1136.59
AJ-10960,629.25
SS-20590,418.49
RO-19780,3815.47
MD-17350,3766.40
MY-17380,2254.29
CM-12385,8954.01
LS-17245,1008.14
BN-11515,1459.34
DB-13210,2332.57
MC-17605,2258.20
BD-11605,3288.48
PH-18790,729.65
MG-18145,3061.54
KB-16240,3152.61
JC-15340,71.27
RL-19615,6234.91
AA-10375,1056.39
EP-13915,5478.06
DK-12985,1687.03
BD-11500,4411.25
LM-17065,1346.78
AS-10135,58.82
BD-11320,5718.53
GT-14710,11820.12
AJ-10945,1839.24
OT-18730,3818.62
LP-17080,756.60
CA-12775,3041.58
JF-15490,1082.92
FP-14320,4046.75
EB-13840,4358.13
JF-15415,2371.45
SF-20200,3422.78
TG-21640,2074.67
CS-11950,3036.53
CC-12145,2471.65
DV-13465,3341.58
BD-11725,1526.50
ZC-21910,8025.70
MS-17830,370.34
LR-16915,5142.89
TP-21130,4454.06
CK-12205,3154.83
AS-10240,584.62
AR-10510,264.87
NB-18655,1972.61
GD-14590,1888.08
CK-12595,2372.75
NG-18355,1869.57
CA-12265,2648.29
SF-20965,3336.53
MO-17800,1687.03
AT-10735,3831.87
FM-14380,2523.26
DJ-13420,2012.52
ME-17725,1908.45
JD-16150,8828.04
JL-15835,9799.94
SC-20305,3979.06
CC-12430,2870.05
AR-10825,4523.33
SR-20740,4345.88
CR-12730,1600.55
EH-14125,3082.64
SP-20545,1306.09
TH-21235,1022.21
RP-19390,5153.06
RB-19570,528.53
CD-11980,639.76
DJ-13630,3356.40
GT-14635,9351.20
MC-17845,3805.71
RA-19285,2617.89
NP-18325,5529.62
AB-10165,1113.85
JO-15550,1090.85
JK-15370,2709.62
BN-11470,265.31
DP-13165,1058.62
TH-21550,4234.10
AP-10915,3323.55
RS-19765,4159.77
SV-20365,11470.94
CK-12325,2945.32
RD-19810,1137.61
MR-17545,639.18
SC-20695,2576.40
JF-15355,1911.84
EG-13900,1832.02
DS-13030,1762.21
PO-19195,1056.85
SS-20875,964.63
PB-19105,688.33
RF-19735,2341.30
YC-21895,5454.35
DC-13285,1174.62
CP-12340,5888.30
BF-11020,2888.50
LH-17020,318.23
CS-12250,2754.22
AJ-10795,4501.39
BV-11245,1523.28
DL-12865,1503.12
BM-11785,1338.82
LT-17110,2936.26
JK-15730,4867.21
ES-14020,3510.46
RH-19495,3621.38
CD-11920,2033.97
HW-14935,9300.25
MC-18130,1581.99
GM-14440,3582.82
PJ-19015,1824.23
BW-11110,4750.36
TR-21325,675.94
PG-18820,3086.90
JL-15175,1571.52
BM-11650,7294.18
EM-14095,1041.04
AF-10885,861.57
GA-14725,1398.39
CK-12760,1582.11
DP-13105,2214.99
BK-11260,659.15
SJ-20125,3949.65
CM-12445,288.00
AJ-10780,4867.34
LS-16945,2845.27
GP-14740,236.53
PK-18910,1441.15
SM-20005,244.49
AG-10765,170.59
PM-19135,4115.66
LL-16840,2741.20
JS-15595,1417.65
EL-13735,124.28
PC-18745,1832.07
HL-15040,12873.30
MS-17365,7443.68
GB-14530,1568.44
JR-16210,2201.69
BE-11335,4204.68
SC-20050,4624.57
RW-19630,3279.75
SE-20110,12209.44
AH-10075,3250.35
JM-15535,1733.45
JJ-15760,195.00
RK-19300,1460.19
CG-12040,904.48
RP-19270,954.64
KC-16255,2120.95
KH-16360,3100.60
GH-14665,146.94
SW-20275,1966.65
JA-15970,6491.03
DL-12925,3272.20
LW-16990,3230.30
TB-21190,816.17
BS-11800,949.43
RW-19690,3495.64
TZ-21580,1707.28
AS-10630,833.41
TS-21340,974.78
SL-20155,3053.01
MW-18235,5253.88
RD-19585,2912.90
RA-19945,1686.93
MT-17815,2890.14
VG-21790,846.02
JS-15880,3868.01
KM-16225,2260.95
HR-14770,1299.29
DE-13255,2550.87
AG-10390,200.95
JJ-15445,709.17
JH-15430,309.29
RD-19660,2786.63
MO-17500,922.49
NS-18640,2964.82
DG-13300,3195.82
NF-18595,2031.48
MG-17650,3785.28
TS-21160,2163.63
BD-11620,1538.12
CM-12160,2533.32
SN-20560,1860.42
EH-14005,1219.52
FO-14305,2678.43
MS-17710,1613.39
CC-12100,1770.95
DW-13540,344.08
BT-11395,2186.61
CY-12745,2900.02
BT-11485,415.20
PS-19045,6843.63
PV-18985,2876.05
NM-18520,2161.98
DL-13495,3539.32
CS-12355,3202.16
FH-14275,4256.28
NC-18340,2461.41
AA-10315,5563.56
LT-16765,329.87
AP-10720,1638.55
PM-18940,1405.40
AT-10435,1171.81
CA-12055,1679.72
HR-14830,5248.80
BT-11530,2684.50
LH-16750,287.43
SW-20755,758.69
SP-20620,5440.32
BF-11170,5907.97
KT-16480,4642.10
BG-11695,1874.18
GM-14680,3163.63
EJ-14155,2656.69
NP-18700,7903.18
MH-18115,5503.09
JR-15700,863.88
SM-20950,5563.40
CC-12220,3913.43
PF-19225,2206.12
DC-12850,3336.17
BD-11770,658.46
GM-14500,1255.68
TB-21355,834.33
JH-16180,2256.39
EB-13975,1643.26
QJ-19255,6108.34
TC-21535,742.55
CS-12460,550.64
HG-14965,3247.65
LW-16825,2238.06
MC-17575,1303.89
LP-17095,3653.40
EB-14170,1186.33
GZ-14545,2454.62
CP-12085,5402.25
FG-14260,1383.13
LD-17005,1961.93
AB-10255,914.53
MN-17935,2477.94
JR-15670,1156.66
JF-15190,2279.59
CM-12115,1661.61
AS-10045,3050.69
BP-11290,2475.16
ND-18370,4326.14
LB-16735,50.19
KT-16465,3057.10
HM-14860,8236.76
AB-10600,1515.86
SZ-20035,3625.34
MG-17890,776.39
JK-16120,2932.49
PP-18955,7252.61
YS-21880,6720.44
KM-16375,5620.18
AB-10105,14473.57
HA-14905,2163.32
BT-11305,2567.66
SV-20815,1271.09
RW-19540,7397.40
DK-12835,3256.48
ST-20530,433.34
MM-17920,3794.07
PW-19030,3454.91
SC-20440,1875.00
TS-21085,4.84
MC-17425,4432.14
ME-17320,10663.73
NH-18610,2673.29
MB-18085,1428.24
KD-16495,8181.24
KN-16390,2617.29
NP-18685,1228.70
CS-12505,5690.07
MS-17770,3144.67
CM-12655,6339.56
Co-12640,1300.08
TS-21370,11891.75
JW-15220,7721.71
JD-15790,2152.35
PC-19000,1061.49
AR-10540,6608.45
AI-10855,4375.79
TB-21400,9133.99
PL-18925,239.49
GH-14425,4172.84
MP-18175,5087.93
JM-15655,864.95
CL-11890,1262.01
DB-13270,4655.90
IG-15085,744.57
BO-11425,130.83
AB-10150,966.71
JW-16075,1428.73
EB-13750,3236.32
SG-20470,1884.80
CM-12190,1475.14
AW-10840,649.37
MC-18100,2218.99
TT-21460,5364.80
VG-21805,427.37
MY-18295,4152.70
RD-19480,4272.94
DP-13390,5480.73
ML-17395,2722.84
JC-15385,1058.11
JG-15160,6366.40
MC-17275,2725.98
NW-18400,7234.02
TB-21280,2198.46
BS-11380,3887.82
HH-15010,218.67
CD-12280,1205.58
TH-21100,2422.83
MM-18055,2749.87
NS-18505,2575.87
RB-19645,221.09
SW-20455,2921.54
EB-13930,944.60
PS-18760,2181.48
HF-14995,2533.16
HZ-14950,886.52
CD-12790,1860.74
JK-15205,4427.14
FM-14215,2456.64
ED-13885,3484.91
DA-13450,156.76
JW-15955,1244.09
RM-19375,1453.47
ML-17755,2071.91
CC-12685,2854.12
JE-15610,7754.97
RP-19855,2170.71
TB-21175,3589.29
BE-11455,1727.65
JF-15565,4198.32
PB-19210,132.74
BT-11680,3196.75
JL-15235,2203.70
CH-12070,1537.24
ND-18460,2893.46
BF-10975,599.79
KH-16330,3312.87
GW-14605,2189.02
NC-18625,1821.75
ME-18010,1256.95
BP-11230,1181.49
JC-15775,2772.06
AS-10090,3255.30
AC-10450,5527.85
MD-17860,1204.91
DB-13660,1155.21
EH-13990,825.95
EH-13765,10310.87
SC-20230,4371.96
JE-15715,8697.86
AC-10615,2537.69
JD-16015,385.43
CB-12415,1949.21
JS-16030,2516.49
LW-17215,5420.52
SC-20800,279.25
AM-10705,5664.02
RH-19510,6979.18
CT-11995,3241.90
MC-17590,2426.07
CC-12610,2540.63
KA-16525,1519.51
TC-20980,19052.22
BF-11080,272.95
MM-17260,1314.02
AH-10120,1735.53
BW-11200,1738.41
SW-20245,1085.06
BS-11665,3288.12
RF-19345,3309.14
WB-21850,6160.10
TB-21625,2797.68
AF-10870,2052.91
RB-19435,2663.07
KF-16285,10604.26
JH-15820,528.92
IL-15100,5040.74
PB-18805,740.36
RH-19600,2085.74
AW-10930,2852.95
ML-17410,2921.51
DB-13555,3908.80
MH-17620,1252.80
DK-13375,3318.49
BT-11440,603.87
DB-13405,1711.69
TG-21310,3058.38
BF-11005,1333.89
JM-16195,2833.92
MZ-17335,593.61
MW-18220,5341.90
MV-17485,1560.03
SM-20320,25043.07
TP-21415,5328.98
JK-15625,3760.03
PJ-18835,1220.10
RS-19420,3221.29
SV-20935,1903.49
BC-11125,2933.67
EM-13825,2339.60
BM-11575,808.16
KN-16705,2280.58
KW-16570,449.10
SC-20260,3729.80
CV-12295,2830.63
SG-20605,3124.84
TM-21010,2955.23
EM-13810,2567.00
ML-18040,742.08
CR-12580,2148.85
AZ-10750,1622.03
PW-19240,3922.41
SC-20380,5992.53
CM-11935,565.39
GM-14695,6049.96
TB-21250,1602.37
JM-15865,7625.07
SC-20575,902.73
LS-17200,1010.25
RR-19315,615.93
DB-12910,2171.61
TT-21220,1427.05
LO-17170,644.35
KD-16615,2243.51
NB-18580,273.87
BD-11635,582.65
CM-12235,2305.71
EN-13780,2199.36
KN-16450,2171.97
BO-11350,2682.73
AG-10300,367.55
MC-17635,795.15
TA-21385,14595.62
JF-15295,955.12
TT-21265,439.50
SB-20170,1348.02
CL-12700,2353.59
HG-15025,3690.28
NL-18310,1418.08
RR-19525,3302.26
TC-21295,4266.81
SV-20785,4105.32
BE-11410,2261.44
SC-20680,1254.64
DF-13135,2390.54
FH-14350,2271.29
MS-17530,475.66
RH-19555,740.39
GA-14515,3919.77
JP-16135,1707.71
Dp-13240,7198.77
MO-17950,154.29
DL-13330,585.02
MH-18025,2984.95
DR-12940,8350.87
DM-13015,6345.09
CA-11965,3789.72
AC-10660,657.31
DM-13345,4074.47
VF-21715,847.95
CC-12370,12129.08
BF-11275,791.99
HG-14845,785.62
BP-11155,1697.87
EM-14140,4588.44
MA-17995,2453.29
AY-10555,497.02
GB-14575,4716.30
JB-16045,2518.11
MG-17875,1242.84
SR-20425,3233.48
JB-16000,644.12
DM-12955,1322.03
TC-21475,1244.98
SW-20350,1019.04
RE-19450,876.70
BF-11215,1585.17
KB-16405,908.82
JG-15310,2240.58
EC-14050,461.91
EB-14110,3071.14
JP-15460,1669.13
CS-11845,1278.96
GH-14410,2819.46
PT-19090,160.58
JL-15130,1214.95
AH-10030,1744.70
CC-12475,1659.45
DW-13195,1080.76
SJ-20215,1341.04
BG-11740,1006.35
LB-16795,4985.68
CM-11815,1673.89
EH-14185,923.88
TS-21505,2243.28
PR-18880,1840.18
LC-17050,2095.06
CS-12490,1077.23
DH-13075,4932.87
JO-15145,3254.95
AH-10690,7888.30
HJ-14875,358.10
MH-17455,2456.18
RD-19930,970.95
SC-20020,3362.96
SU-20665,2595.38
FC-14335,3889.36
RB-19330,1008.20
NC-18535,8241.74
DB-12970,2839.23
MF-17665,937.05
RM-19750,98.35
VM-21835,380.69
EJ-13720,2162.18
NC-18415,2218.99
LS-17230,368.88
KE-16420,1686.73
DH-13675,1043.09
PF-19120,9062.86
VT-21700,1736.60
MG-17695,1342.29
SP-20920,3990.67
CS-12175,844.46
DK-12895,4282.16
KM-16660,453.54
AA-10645,5086.94
DD-13570,269.53
AH-10465,2495.40
TP-21565,1936.62
EK-13795,1303.48
CR-12820,1397.88
SG-20890,47.95
AH-10585,738.50
NF-18475,377.17
BS-11365,10501.65
SH-20635,2096.39
RD-19720,1419.74
AG-10330,660.97
GR-14560,1284.38
VS-21820,1055.99
TM-21490,1094.68
TS-21430,2054.14
DB-13360,1081.47
NR-18550,2367.27
CS-11860,537.63
MF-18250,1758.30
LW-17125,1259.04
AR-10345,1055.69
KS-16300,88.47
AB-10015,886.15
LR-17035,1879.30
SS-20410,3056.81
JM-15580,303.94
JK-15325,383.81
DM-13525,1376.80
ML-18265,162.23
MH-17290,2394.02
FC-14245,3418.74
TH-21115,2942.78
JK-16090,3747.66
SB-20185,6411.00
BG-11035,2798.96
BW-11065,385.51
MG-18205,16.74
DO-13645,1267.32
BP-11050,983.42
TS-21655,3368.08
EM-14200,366.83
AO-10810,161.28
MH-17440,400.02
SS-20515,613.40
LD-16855,5.30
VP-21760,3360.54
TC-21145,1038.26
IM-15055,2872.63
AR-10570,88.15
CM-12715,3984.45
FW-14395,79.75
LC-16960,3246.63
HE-14800,883.53
BD-11560,320.54
HD-14785,251.36
CJ-11875,16.52
RS-19870,22.33
SC-20845,280.63
RE-19405,48.36
SM-20905,1043.05
